{
 "index":{
  "map":{
   "w":0,
   "w:1":0,
   "w:2":0,
   "w:3":0,
   "w:4":0,
   "w:17":0,
   "w:30":0,
   "w:31":0,
   "w:32":0,
   "w:33":0,
   "w:34":0,
   "w:35":0,
   "w:36":0,
   "w:37":0,
   "w:38":0,
   "w:39":0,
   "w:40":0,
   "w:41":0,
   "w:42":0,
   "w:43":0,
   "w:44":0,
   "w:45":0,
   "w:46":0,
   "w:47":0,
   "w:84":0,
   "w:85":0,
   "w:86":0,
   "w:87":0,
   "w:88":0,
   "w:89":0,
   "w:90":0,
   "w:91":0,
   "w:92":0,
   "w:93":0,
   "w:94":0,
   "w:3#out:1":0,
   "w:30#out:1":0,
   "w:1#out:1":0,
   "w:35#out:1":0,
   "w:4#out:1":0,
   "w:37#out:1":0,
   "w:38#out:1":0,
   "w:39#out:1":0,
   "w:4#out:2":0,
   "w:17#out:2":0,
   "w:17#out:1":0,
   "w:47#out:2":0,
   "w:47#out:1":0,
   "w:94#out:1":0,
   "w:94#out:2":0,
   "w:84#out:1":0,
   "w:91#out:1":0,
   "w:92#out:1":0,
   "w:93#out:1":0,
   "w:93#out:2":0,
   "w:93#out:3":0,
   "w:93#out:4":0,
   "w:85#out:1":0,
   "w:6":1,
   "w:5":1,
   "w:7":1,
   "w:8":1,
   "w:9":1,
   "w:10":1,
   "w:11":1,
   "w:12":1,
   "w:13":1,
   "w:14":1,
   "w:15":1,
   "w:16":1,
   "w:5#out:1":1,
   "w:7#out:1":1,
   "w:9#out:1":1,
   "w:10#out:1":1,
   "w:11#out:1":1,
   "w:12#out:1":1,
   "w:13#out:1":1,
   "w:14#out:1":1,
   "w:16#out:1":1,
   "w:15#out:1":1,
   "w:28":2,
   "w:18":2,
   "w:19":2,
   "w:29":2,
   "w:26":2,
   "w:27":2,
   "w:24":2,
   "w:25":2,
   "w:20":2,
   "w:21":2,
   "w:22":2,
   "w:23":2,
   "w:22#out:1":2,
   "w:23#out:1":2,
   "w:21#out:1":2,
   "w:20#out:1":2,
   "w:25#out:1":2,
   "w:24#out:1":2,
   "w:27#out:1":2,
   "w:26#out:1":2,
   "w:19#out:1":2,
   "w:18#out:1":2,
   "w:58":3,
   "w:48":3,
   "w:49":3,
   "w:59":3,
   "w:73":3,
   "w:74":3,
   "w:75":3,
   "w:49#out:1":3,
   "w:48#out:1":3,
   "w:74#out:1":3,
   "w:73#out:1":3,
   "w:75#out:1":3,
   "w:75#out:2":3,
   "w:100":4,
   "w:95":4,
   "w:96":4,
   "w:101":4,
   "w:99":4,
   "w:98":4,
   "w:97":4,
   "w:97#out:2":4,
   "w:97#out:1":4,
   "w:99#out:1":4,
   "w:98#out:1":4,
   "w:95#out:1":4,
   "w:96#out:1":4
  },
  "url":[
   "support/slwebview_files/w.json",
   "support/slwebview_files/w_4.json",
   "support/slwebview_files/w_17.json",
   "support/slwebview_files/w_47.json",
   "support/slwebview_files/w_94.json"
  ]
 },
 "homeHid":"1",
 "hasInformer":0,
 "optViews":[
 ],
 "hier":[
  {
   "name":"w",
   "fullname":"w",
   "sid":"w",
   "icon":"ModelBrowser_ModelTop_16",
   "hid":"1",
   "lid":"w",
   "parent":"root",
   "src":"support/slwebview_files/w.svg",
   "thumbnail":"support/slwebview_files/w.png"
  },
  {
   "name":"Система в виде структурной схемы 1",
   "fullname":"w/Система в виде структурной схемы 1",
   "sid":"w:4",
   "icon":"ModelBrowser_Subsystem_16",
   "hid":"2",
   "lid":"w:4/w:4",
   "parent":"1",
   "src":"support/slwebview_files/w_4.svg",
   "thumbnail":"support/slwebview_files/w_4.png"
  },
  {
   "name":"Система в виде структурной схемы 2",
   "fullname":"w/Система в виде структурной схемы 2",
   "sid":"w:17",
   "icon":"ModelBrowser_Subsystem_16",
   "hid":"3",
   "lid":"w:17/w:17",
   "parent":"1",
   "src":"support/slwebview_files/w_17.svg",
   "thumbnail":"support/slwebview_files/w_17.png"
  },
  {
   "name":"Система с описанием в векторно-матричной форме 1",
   "fullname":"w/Система с описанием в векторно-матричной форме 1",
   "sid":"w:47",
   "icon":"ModelBrowser_Subsystem_16",
   "hid":"4",
   "lid":"w:47/w:47",
   "parent":"1",
   "src":"support/slwebview_files/w_47.svg",
   "thumbnail":"support/slwebview_files/w_47.png"
  },
  {
   "name":"Система с описанием в векторно-матричной форме 2",
   "fullname":"w/Система с описанием в векторно-матричной форме 2",
   "sid":"w:94",
   "icon":"ModelBrowser_Subsystem_16",
   "hid":"5",
   "lid":"w:94/w:94",
   "parent":"1",
   "src":"support/slwebview_files/w_94.svg",
   "thumbnail":"support/slwebview_files/w_94.png"
  }
 ]
}